"...1","Year","State","State ANSI","Value","CV (%)","Type","Condition","Metric"
1,2021,"ALASKA","02",2,NA,"","SALES",""
2,2021,"ALASKA","02",NA,NA,"","PRODUCTION"," CWT"
3,2021,"ALASKA","02",NA,NA,"","SALES"," $"
4,2021,"ALASKA","02",NA,NA,"","SALES"," CWT"
5,2021,"ALASKA","02",2,NA," FRESH MARKET","SALES",""
6,2021,"ALASKA","02",NA,NA," FRESH MARKET","SALES"," $"
7,2021,"ALASKA","02",NA,NA," FRESH MARKET","SALES"," CWT"
8,2021,"CALIFORNIA","06",142,"19.2","","SALES",""
9,2021,"CALIFORNIA","06",1413251,"51.6","","PRODUCTION"," CWT"
10,2021,"CALIFORNIA","06",311784980,"46.0","","SALES"," $"
11,2021,"CALIFORNIA","06",1412627,"51.7","","SALES"," CWT"
12,2021,"CALIFORNIA","06",141,"20.4"," FRESH MARKET","SALES",""
13,2021,"CALIFORNIA","06",NA,NA," FRESH MARKET","SALES"," $"
14,2021,"CALIFORNIA","06",1401384,"50.6"," FRESH MARKET","SALES"," CWT"
15,2021,"CALIFORNIA","06",7,"60.0"," PROCESSING","SALES",""
16,2021,"CALIFORNIA","06",NA,NA," PROCESSING","SALES"," $"
17,2021,"CALIFORNIA","06",11244,NA," PROCESSING","SALES"," CWT"
18,2021,"CONNECTICUT","09",8,"74.4","","SALES",""
19,2021,"CONNECTICUT","09",183,NA,"","PRODUCTION"," CWT"
20,2021,"CONNECTICUT","09",40890,NA,"","SALES"," $"
21,2021,"CONNECTICUT","09",183,NA,"","SALES"," CWT"
22,2021,"CONNECTICUT","09",8,"74.4"," FRESH MARKET","SALES",""
23,2021,"CONNECTICUT","09",40890,NA," FRESH MARKET","SALES"," $"
24,2021,"CONNECTICUT","09",183,NA," FRESH MARKET","SALES"," CWT"
25,2021,"FLORIDA","12",10,"57.3","","SALES",""
26,2021,"FLORIDA","12",67146,NA,"","PRODUCTION"," CWT"
27,2021,"FLORIDA","12",18358396,NA,"","SALES"," $"
28,2021,"FLORIDA","12",67146,NA,"","SALES"," CWT"
29,2021,"FLORIDA","12",10,"57.3"," FRESH MARKET","SALES",""
30,2021,"FLORIDA","12",18358396,NA," FRESH MARKET","SALES"," $"
31,2021,"FLORIDA","12",67146,NA," FRESH MARKET","SALES"," CWT"
32,2021,"GEORGIA","13",4,"80.4","","SALES",""
33,2021,"GEORGIA","13",19,"78.0","","PRODUCTION"," CWT"
34,2021,"GEORGIA","13",11600,"77.8","","SALES"," $"
35,2021,"GEORGIA","13",19,"78.0","","SALES"," CWT"
36,2021,"GEORGIA","13",4,"80.4"," FRESH MARKET","SALES",""
37,2021,"GEORGIA","13",11600,"77.8"," FRESH MARKET","SALES"," $"
38,2021,"GEORGIA","13",19,"78.0"," FRESH MARKET","SALES"," CWT"
39,2021,"IDAHO","16",6,"53.2","","SALES",""
40,2021,"IDAHO","16",111,"71.4","","PRODUCTION"," CWT"
41,2021,"IDAHO","16",31680,"74.1","","SALES"," $"
42,2021,"IDAHO","16",111,"71.4","","SALES"," CWT"
43,2021,"IDAHO","16",6,"53.2"," FRESH MARKET","SALES",""
44,2021,"IDAHO","16",31680,"74.1"," FRESH MARKET","SALES"," $"
45,2021,"IDAHO","16",111,"71.4"," FRESH MARKET","SALES"," CWT"
46,2021,"ILLINOIS","17",5,"95.4","","SALES",""
47,2021,"ILLINOIS","17",53,"94.9","","PRODUCTION"," CWT"
48,2021,"ILLINOIS","17",16000,"95.0","","SALES"," $"
49,2021,"ILLINOIS","17",53,"94.9","","SALES"," CWT"
50,2021,"ILLINOIS","17",5,"95.4"," FRESH MARKET","SALES",""
51,2021,"ILLINOIS","17",16000,"95.0"," FRESH MARKET","SALES"," $"
52,2021,"ILLINOIS","17",53,"94.9"," FRESH MARKET","SALES"," CWT"
53,2021,"INDIANA","18",2,NA,"","SALES",""
54,2021,"INDIANA","18",NA,NA,"","PRODUCTION"," CWT"
55,2021,"INDIANA","18",NA,NA,"","SALES"," $"
56,2021,"INDIANA","18",NA,NA,"","SALES"," CWT"
57,2021,"INDIANA","18",2,NA," FRESH MARKET","SALES",""
58,2021,"INDIANA","18",NA,NA," FRESH MARKET","SALES"," $"
59,2021,"INDIANA","18",NA,NA," FRESH MARKET","SALES"," CWT"
60,2021,"IOWA","19",6,"97.5","","SALES",""
61,2021,"IOWA","19",74,"96.4","","PRODUCTION"," CWT"
62,2021,"IOWA","19",NA,NA,"","SALES"," $"
63,2021,"IOWA","19",74,"96.4","","SALES"," CWT"
64,2021,"IOWA","19",6,"97.5"," FRESH MARKET","SALES",""
65,2021,"IOWA","19",NA,NA," FRESH MARKET","SALES"," $"
66,2021,"IOWA","19",74,"96.4"," FRESH MARKET","SALES"," CWT"
67,2021,"KENTUCKY","21",12,"69.1","","SALES",""
68,2021,"KENTUCKY","21",62,"72.0","","PRODUCTION"," CWT"
69,2021,"KENTUCKY","21",30828,"72.0","","SALES"," $"
70,2021,"KENTUCKY","21",62,"72.0","","SALES"," CWT"
71,2021,"KENTUCKY","21",12,"69.1"," FRESH MARKET","SALES",""
72,2021,"KENTUCKY","21",30828,"72.0"," FRESH MARKET","SALES"," $"
73,2021,"KENTUCKY","21",62,"72.0"," FRESH MARKET","SALES"," CWT"
74,2021,"LOUISIANA","22",2,NA,"","SALES",""
75,2021,"LOUISIANA","22",NA,NA,"","PRODUCTION"," CWT"
76,2021,"LOUISIANA","22",NA,NA,"","SALES"," $"
77,2021,"LOUISIANA","22",NA,NA,"","SALES"," CWT"
78,2021,"LOUISIANA","22",2,NA," FRESH MARKET","SALES",""
79,2021,"LOUISIANA","22",NA,NA," FRESH MARKET","SALES"," $"
80,2021,"LOUISIANA","22",NA,NA," FRESH MARKET","SALES"," CWT"
81,2021,"MAINE","23",16,"38.4","","SALES",""
82,2021,"MAINE","23",504,NA,"","PRODUCTION"," CWT"
83,2021,"MAINE","23",174980,NA,"","SALES"," $"
84,2021,"MAINE","23",504,NA,"","SALES"," CWT"
85,2021,"MAINE","23",16,"38.4"," FRESH MARKET","SALES",""
86,2021,"MAINE","23",174980,NA," FRESH MARKET","SALES"," $"
87,2021,"MAINE","23",504,NA," FRESH MARKET","SALES"," CWT"
88,2021,"MARYLAND","24",17,"31.1","","SALES",""
89,2021,"MARYLAND","24",127,"35.4","","PRODUCTION"," CWT"
90,2021,"MARYLAND","24",53810,"42.8","","SALES"," $"
91,2021,"MARYLAND","24",127,"35.4","","SALES"," CWT"
92,2021,"MARYLAND","24",17,"31.1"," FRESH MARKET","SALES",""
93,2021,"MARYLAND","24",NA,NA," FRESH MARKET","SALES"," $"
94,2021,"MARYLAND","24",NA,NA," FRESH MARKET","SALES"," CWT"
95,2021,"MARYLAND","24",2,NA," PROCESSING","SALES",""
96,2021,"MARYLAND","24",NA,NA," PROCESSING","SALES"," $"
97,2021,"MARYLAND","24",NA,NA," PROCESSING","SALES"," CWT"
98,2021,"MASSACHUSETTS","25",12,"79.2","","SALES",""
99,2021,"MASSACHUSETTS","25",251,"76.5","","PRODUCTION"," CWT"
100,2021,"MASSACHUSETTS","25",94827,"80.1","","SALES"," $"
101,2021,"MASSACHUSETTS","25",251,"76.5","","SALES"," CWT"
102,2021,"MASSACHUSETTS","25",12,"79.2"," FRESH MARKET","SALES",""
103,2021,"MASSACHUSETTS","25",94827,"80.1"," FRESH MARKET","SALES"," $"
104,2021,"MASSACHUSETTS","25",251,"76.5"," FRESH MARKET","SALES"," CWT"
105,2021,"MICHIGAN","26",26,"32.5","","SALES",""
106,2021,"MICHIGAN","26",564,"43.9","","PRODUCTION"," CWT"
107,2021,"MICHIGAN","26",174011,"44.1","","SALES"," $"
108,2021,"MICHIGAN","26",564,"43.9","","SALES"," CWT"
109,2021,"MICHIGAN","26",26,"32.5"," FRESH MARKET","SALES",""
110,2021,"MICHIGAN","26",174011,"44.1"," FRESH MARKET","SALES"," $"
111,2021,"MICHIGAN","26",564,"43.9"," FRESH MARKET","SALES"," CWT"
112,2021,"MINNESOTA","27",21,"39.5","","SALES",""
113,2021,"MINNESOTA","27",749,"54.0","","PRODUCTION"," CWT"
114,2021,"MINNESOTA","27",418914,"62.4","","SALES"," $"
115,2021,"MINNESOTA","27",749,"54.0","","SALES"," CWT"
116,2021,"MINNESOTA","27",18,"43.6"," FRESH MARKET","SALES",""
117,2021,"MINNESOTA","27",NA,NA," FRESH MARKET","SALES"," $"
118,2021,"MINNESOTA","27",659,"62.9"," FRESH MARKET","SALES"," CWT"
119,2021,"MINNESOTA","27",3,"95.4"," PROCESSING","SALES",""
120,2021,"MINNESOTA","27",NA,NA," PROCESSING","SALES"," $"
121,2021,"MINNESOTA","27",90,"95.4"," PROCESSING","SALES"," CWT"
122,2021,"MONTANA","30",11,"43.6","","SALES",""
123,2021,"MONTANA","30",96,"73.5","","PRODUCTION"," CWT"
124,2021,"MONTANA","30",80886,"74.8","","SALES"," $"
125,2021,"MONTANA","30",96,"73.5","","SALES"," CWT"
126,2021,"MONTANA","30",11,"43.6"," FRESH MARKET","SALES",""
127,2021,"MONTANA","30",80886,"74.8"," FRESH MARKET","SALES"," $"
128,2021,"MONTANA","30",96,"73.5"," FRESH MARKET","SALES"," CWT"
129,2021,"NEBRASKA","31",1,NA,"","SALES",""
130,2021,"NEBRASKA","31",NA,NA,"","PRODUCTION"," CWT"
131,2021,"NEBRASKA","31",NA,NA,"","SALES"," $"
132,2021,"NEBRASKA","31",NA,NA,"","SALES"," CWT"
133,2021,"NEBRASKA","31",1,NA," FRESH MARKET","SALES",""
134,2021,"NEBRASKA","31",NA,NA," FRESH MARKET","SALES"," $"
135,2021,"NEBRASKA","31",NA,NA," FRESH MARKET","SALES"," CWT"
136,2021,"NEW HAMPSHIRE","33",9,"58.7","","SALES",""
137,2021,"NEW HAMPSHIRE","33",132,NA,"","PRODUCTION"," CWT"
138,2021,"NEW HAMPSHIRE","33",52665,NA,"","SALES"," $"
139,2021,"NEW HAMPSHIRE","33",132,NA,"","SALES"," CWT"
140,2021,"NEW HAMPSHIRE","33",9,"58.7"," FRESH MARKET","SALES",""
141,2021,"NEW HAMPSHIRE","33",52665,NA," FRESH MARKET","SALES"," $"
142,2021,"NEW HAMPSHIRE","33",132,NA," FRESH MARKET","SALES"," CWT"
143,2021,"NEW JERSEY","34",3,NA,"","SALES",""
144,2021,"NEW JERSEY","34",NA,NA,"","PRODUCTION"," CWT"
145,2021,"NEW JERSEY","34",28166,NA,"","SALES"," $"
146,2021,"NEW JERSEY","34",NA,NA,"","SALES"," CWT"
147,2021,"NEW JERSEY","34",3,NA," FRESH MARKET","SALES",""
148,2021,"NEW JERSEY","34",28166,NA," FRESH MARKET","SALES"," $"
149,2021,"NEW JERSEY","34",NA,NA," FRESH MARKET","SALES"," CWT"
150,2021,"NEW YORK","36",45,"26.4","","SALES",""
151,2021,"NEW YORK","36",1755,"32.6","","PRODUCTION"," CWT"
152,2021,"NEW YORK","36",633111,"44.5","","SALES"," $"
153,2021,"NEW YORK","36",1755,"32.6","","SALES"," CWT"
154,2021,"NEW YORK","36",43,"25.3"," FRESH MARKET","SALES",""
155,2021,"NEW YORK","36",NA,NA," FRESH MARKET","SALES"," $"
156,2021,"NEW YORK","36",NA,NA," FRESH MARKET","SALES"," CWT"
157,2021,"NEW YORK","36",2,"94.9"," PROCESSING","SALES",""
158,2021,"NEW YORK","36",NA,NA," PROCESSING","SALES"," $"
159,2021,"NEW YORK","36",NA,NA," PROCESSING","SALES"," CWT"
160,2021,"NORTH CAROLINA","37",4,"68.3","","SALES",""
161,2021,"NORTH CAROLINA","37",734,"89.2","","PRODUCTION"," CWT"
162,2021,"NORTH CAROLINA","37",190000,NA,"","SALES"," $"
163,2021,"NORTH CAROLINA","37",734,"89.2","","SALES"," CWT"
164,2021,"NORTH CAROLINA","37",4,"68.3"," FRESH MARKET","SALES",""
165,2021,"NORTH CAROLINA","37",190000,NA," FRESH MARKET","SALES"," $"
166,2021,"NORTH CAROLINA","37",734,"89.2"," FRESH MARKET","SALES"," CWT"
167,2021,"OHIO","39",9,"72.1","","SALES",""
168,2021,"OHIO","39",360,"68.4","","PRODUCTION"," CWT"
169,2021,"OHIO","39",106638,"69.2","","SALES"," $"
170,2021,"OHIO","39",360,"68.4","","SALES"," CWT"
171,2021,"OHIO","39",9,"72.1"," FRESH MARKET","SALES",""
172,2021,"OHIO","39",106638,"69.2"," FRESH MARKET","SALES"," $"
173,2021,"OHIO","39",360,"68.4"," FRESH MARKET","SALES"," CWT"
174,2021,"OKLAHOMA","40",4,"70.4","","SALES",""
175,2021,"OKLAHOMA","40",1858,"69.9","","PRODUCTION"," CWT"
176,2021,"OKLAHOMA","40",NA,NA,"","SALES"," $"
177,2021,"OKLAHOMA","40",1858,"69.9","","SALES"," CWT"
178,2021,"OKLAHOMA","40",4,"70.4"," FRESH MARKET","SALES",""
179,2021,"OKLAHOMA","40",NA,NA," FRESH MARKET","SALES"," $"
180,2021,"OKLAHOMA","40",1858,"69.9"," FRESH MARKET","SALES"," CWT"
181,2021,"OREGON","41",26,"54.2","","SALES",""
182,2021,"OREGON","41",1362,"84.2","","PRODUCTION"," CWT"
183,2021,"OREGON","41",895054,NA,"","SALES"," $"
184,2021,"OREGON","41",1362,"84.2","","SALES"," CWT"
185,2021,"OREGON","41",26,"54.2"," FRESH MARKET","SALES",""
186,2021,"OREGON","41",895054,NA," FRESH MARKET","SALES"," $"
187,2021,"OREGON","41",1362,"84.2"," FRESH MARKET","SALES"," CWT"
188,2021,"PENNSYLVANIA","42",27,"48.1","","SALES",""
189,2021,"PENNSYLVANIA","42",522,"49.0","","PRODUCTION"," CWT"
190,2021,"PENNSYLVANIA","42",148898,"43.7","","SALES"," $"
191,2021,"PENNSYLVANIA","42",522,"49.0","","SALES"," CWT"
192,2021,"PENNSYLVANIA","42",27,"48.1"," FRESH MARKET","SALES",""
193,2021,"PENNSYLVANIA","42",148898,"43.7"," FRESH MARKET","SALES"," $"
194,2021,"PENNSYLVANIA","42",522,"49.0"," FRESH MARKET","SALES"," CWT"
195,2021,"RHODE ISLAND","44",2,NA,"","SALES",""
196,2021,"RHODE ISLAND","44",NA,NA,"","PRODUCTION"," CWT"
197,2021,"RHODE ISLAND","44",NA,NA,"","SALES"," $"
198,2021,"RHODE ISLAND","44",NA,NA,"","SALES"," CWT"
199,2021,"RHODE ISLAND","44",2,NA," FRESH MARKET","SALES",""
200,2021,"RHODE ISLAND","44",NA,NA," FRESH MARKET","SALES"," $"
201,2021,"RHODE ISLAND","44",NA,NA," FRESH MARKET","SALES"," CWT"
202,2021,"SOUTH CAROLINA","45",2,NA,"","SALES",""
203,2021,"SOUTH CAROLINA","45",NA,NA,"","PRODUCTION"," CWT"
204,2021,"SOUTH CAROLINA","45",NA,NA,"","SALES"," $"
205,2021,"SOUTH CAROLINA","45",NA,NA,"","SALES"," CWT"
206,2021,"SOUTH CAROLINA","45",2,NA," FRESH MARKET","SALES",""
207,2021,"SOUTH CAROLINA","45",NA,NA," FRESH MARKET","SALES"," $"
208,2021,"SOUTH CAROLINA","45",NA,NA," FRESH MARKET","SALES"," CWT"
209,2021,"SOUTH DAKOTA","46",1,NA,"","SALES",""
210,2021,"SOUTH DAKOTA","46",NA,NA,"","PRODUCTION"," CWT"
211,2021,"SOUTH DAKOTA","46",NA,NA,"","SALES"," $"
212,2021,"SOUTH DAKOTA","46",NA,NA,"","SALES"," CWT"
213,2021,"SOUTH DAKOTA","46",1,NA," FRESH MARKET","SALES",""
214,2021,"SOUTH DAKOTA","46",NA,NA," FRESH MARKET","SALES"," $"
215,2021,"SOUTH DAKOTA","46",NA,NA," FRESH MARKET","SALES"," CWT"
216,2021,"TENNESSEE","47",1,NA,"","SALES",""
217,2021,"TENNESSEE","47",NA,NA,"","PRODUCTION"," CWT"
218,2021,"TENNESSEE","47",NA,NA,"","SALES"," $"
219,2021,"TENNESSEE","47",NA,NA,"","SALES"," CWT"
220,2021,"TENNESSEE","47",1,NA," FRESH MARKET","SALES",""
221,2021,"TENNESSEE","47",NA,NA," FRESH MARKET","SALES"," $"
222,2021,"TENNESSEE","47",NA,NA," FRESH MARKET","SALES"," CWT"
223,2021,"VERMONT","50",31,"38.8","","SALES",""
224,2021,"VERMONT","50",1202,"39.1","","PRODUCTION"," CWT"
225,2021,"VERMONT","50",480304,"49.7","","SALES"," $"
226,2021,"VERMONT","50",1202,"39.1","","SALES"," CWT"
227,2021,"VERMONT","50",31,"38.8"," FRESH MARKET","SALES",""
228,2021,"VERMONT","50",480304,"49.7"," FRESH MARKET","SALES"," $"
229,2021,"VERMONT","50",1202,"39.1"," FRESH MARKET","SALES"," CWT"
230,2021,"WASHINGTON","53",49,"25.1","","SALES",""
231,2021,"WASHINGTON","53",1579,"53.4","","PRODUCTION"," CWT"
232,2021,"WASHINGTON","53",870017,"54.0","","SALES"," $"
233,2021,"WASHINGTON","53",1579,"53.4","","SALES"," CWT"
234,2021,"WASHINGTON","53",49,"25.1"," FRESH MARKET","SALES",""
235,2021,"WASHINGTON","53",863231,"53.8"," FRESH MARKET","SALES"," $"
236,2021,"WASHINGTON","53",1499,"54.0"," FRESH MARKET","SALES"," CWT"
237,2021,"WASHINGTON","53",4,"73.0"," PROCESSING","SALES",""
238,2021,"WASHINGTON","53",6786,"93.9"," PROCESSING","SALES"," $"
239,2021,"WASHINGTON","53",80,"82.3"," PROCESSING","SALES"," CWT"
240,2021,"WEST VIRGINIA","54",2,NA,"","SALES",""
241,2021,"WEST VIRGINIA","54",NA,NA,"","PRODUCTION"," CWT"
242,2021,"WEST VIRGINIA","54",NA,NA,"","SALES"," $"
243,2021,"WEST VIRGINIA","54",NA,NA,"","SALES"," CWT"
244,2021,"WEST VIRGINIA","54",2,NA," FRESH MARKET","SALES",""
245,2021,"WEST VIRGINIA","54",NA,NA," FRESH MARKET","SALES"," $"
246,2021,"WEST VIRGINIA","54",NA,NA," FRESH MARKET","SALES"," CWT"
247,2021,"WISCONSIN","55",28,"31.3","","SALES",""
248,2021,"WISCONSIN","55",426,"82.8","","PRODUCTION"," CWT"
249,2021,"WISCONSIN","55",128120,"76.4","","SALES"," $"
250,2021,"WISCONSIN","55",426,"82.8","","SALES"," CWT"
251,2021,"WISCONSIN","55",28,"31.3"," FRESH MARKET","SALES",""
252,2021,"WISCONSIN","55",128120,"76.4"," FRESH MARKET","SALES"," $"
253,2021,"WISCONSIN","55",426,"82.8"," FRESH MARKET","SALES"," CWT"
254,2019,"ALABAMA","01",2,"30.4","","SALES",""
255,2019,"ALABAMA","01",NA,NA,"","PRODUCTION"," CWT"
256,2019,"ALABAMA","01",NA,NA,"","SALES"," $"
257,2019,"ALABAMA","01",NA,NA,"","SALES"," CWT"
258,2019,"ALABAMA","01",2,"30.4"," FRESH MARKET","SALES",""
259,2019,"ALABAMA","01",NA,NA," FRESH MARKET","SALES"," $"
260,2019,"ALABAMA","01",NA,NA," FRESH MARKET","SALES"," CWT"
261,2019,"ALABAMA","01",2,NA," PROCESSING","SALES",""
262,2019,"ALABAMA","01",NA,NA," PROCESSING","SALES"," $"
263,2019,"ALABAMA","01",NA,NA," PROCESSING","SALES"," CWT"
264,2019,"ARIZONA","04",2,NA,"","SALES",""
265,2019,"ARIZONA","04",NA,NA,"","PRODUCTION"," CWT"
266,2019,"ARIZONA","04",NA,NA,"","SALES"," $"
267,2019,"ARIZONA","04",NA,NA,"","SALES"," CWT"
268,2019,"ARIZONA","04",2,NA," FRESH MARKET","SALES",""
269,2019,"ARIZONA","04",NA,NA," FRESH MARKET","SALES"," $"
270,2019,"ARIZONA","04",NA,NA," FRESH MARKET","SALES"," CWT"
271,2019,"CALIFORNIA","06",174,"8.0","","SALES",""
272,2019,"CALIFORNIA","06",1384735,"30.4","","PRODUCTION"," CWT"
273,2019,"CALIFORNIA","06",300277717,"33.1","","SALES"," $"
274,2019,"CALIFORNIA","06",1384016,"30.4","","SALES"," CWT"
275,2019,"CALIFORNIA","06",170,"8.0"," FRESH MARKET","SALES",""
276,2019,"CALIFORNIA","06",275716713,"35.5"," FRESH MARKET","SALES"," $"
277,2019,"CALIFORNIA","06",1177214,"33.7"," FRESH MARKET","SALES"," CWT"
278,2019,"CALIFORNIA","06",15,"39.7"," PROCESSING","SALES",""
279,2019,"CALIFORNIA","06",24561004,"68.3"," PROCESSING","SALES"," $"
280,2019,"CALIFORNIA","06",206802,"49.3"," PROCESSING","SALES"," CWT"
281,2019,"COLORADO","08",4,"47.2","","SALES",""
282,2019,"COLORADO","08",62,"52.1","","PRODUCTION"," CWT"
283,2019,"COLORADO","08",31000,"59.1","","SALES"," $"
284,2019,"COLORADO","08",62,"52.1","","SALES"," CWT"
285,2019,"COLORADO","08",4,"47.2"," FRESH MARKET","SALES",""
286,2019,"COLORADO","08",31000,"59.1"," FRESH MARKET","SALES"," $"
287,2019,"COLORADO","08",62,"52.1"," FRESH MARKET","SALES"," CWT"
288,2019,"CONNECTICUT","09",11,"15.7","","SALES",""
289,2019,"CONNECTICUT","09",181,"33.3","","PRODUCTION"," CWT"
290,2019,"CONNECTICUT","09",32164,"35.4","","SALES"," $"
291,2019,"CONNECTICUT","09",177,"33.4","","SALES"," CWT"
292,2019,"CONNECTICUT","09",11,"15.7"," FRESH MARKET","SALES",""
293,2019,"CONNECTICUT","09",32164,"36.0"," FRESH MARKET","SALES"," $"
294,2019,"CONNECTICUT","09",177,"33.8"," FRESH MARKET","SALES"," CWT"
295,2019,"FLORIDA","12",14,"30.4","","SALES",""
296,2019,"FLORIDA","12",59905,"76.3","","PRODUCTION"," CWT"
297,2019,"FLORIDA","12",15055709,"83.4","","SALES"," $"
298,2019,"FLORIDA","12",59905,"76.3","","SALES"," CWT"
299,2019,"FLORIDA","12",14,"30.4"," FRESH MARKET","SALES",""
300,2019,"FLORIDA","12",15055709,"83.4"," FRESH MARKET","SALES"," $"
301,2019,"FLORIDA","12",59905,"76.3"," FRESH MARKET","SALES"," CWT"
302,2019,"GEORGIA","13",8,"30.4","","SALES",""
303,2019,"GEORGIA","13",1309,"76.3","","PRODUCTION"," CWT"
304,2019,"GEORGIA","13",NA,NA,"","SALES"," $"
305,2019,"GEORGIA","13",1309,"76.3","","SALES"," CWT"
306,2019,"GEORGIA","13",8,"30.4"," FRESH MARKET","SALES",""
307,2019,"GEORGIA","13",NA,NA," FRESH MARKET","SALES"," $"
308,2019,"GEORGIA","13",1309,"76.3"," FRESH MARKET","SALES"," CWT"
309,2019,"IDAHO","16",6,"42.5","","SALES",""
310,2019,"IDAHO","16",100,NA,"","PRODUCTION"," CWT"
311,2019,"IDAHO","16",26380,NA,"","SALES"," $"
312,2019,"IDAHO","16",100,NA,"","SALES"," CWT"
313,2019,"IDAHO","16",6,"39.8"," FRESH MARKET","SALES",""
314,2019,"IDAHO","16",26380,"59.6"," FRESH MARKET","SALES"," $"
315,2019,"IDAHO","16",100,"38.9"," FRESH MARKET","SALES"," CWT"
316,2019,"ILLINOIS","17",2,"24.6","","SALES",""
317,2019,"ILLINOIS","17",NA,NA,"","PRODUCTION"," CWT"
318,2019,"ILLINOIS","17",NA,NA,"","SALES"," $"
319,2019,"ILLINOIS","17",NA,NA,"","SALES"," CWT"
320,2019,"ILLINOIS","17",2,"24.6"," FRESH MARKET","SALES",""
321,2019,"ILLINOIS","17",NA,NA," FRESH MARKET","SALES"," $"
322,2019,"ILLINOIS","17",NA,NA," FRESH MARKET","SALES"," CWT"
323,2019,"INDIANA","18",5,"24.6","","SALES",""
324,2019,"INDIANA","18",288,"56.2","","PRODUCTION"," CWT"
325,2019,"INDIANA","18",128882,"59.9","","SALES"," $"
326,2019,"INDIANA","18",288,"56.2","","SALES"," CWT"
327,2019,"INDIANA","18",5,"24.6"," FRESH MARKET","SALES",""
328,2019,"INDIANA","18",128882,"59.9"," FRESH MARKET","SALES"," $"
329,2019,"INDIANA","18",288,"56.2"," FRESH MARKET","SALES"," CWT"
330,2019,"IOWA","19",8,"38.0","","SALES",""
331,2019,"IOWA","19",70,"59.2","","PRODUCTION"," CWT"
332,2019,"IOWA","19",32295,"66.6","","SALES"," $"
333,2019,"IOWA","19",70,"59.2","","SALES"," CWT"
334,2019,"IOWA","19",8,"38.0"," FRESH MARKET","SALES",""
335,2019,"IOWA","19",32295,"66.6"," FRESH MARKET","SALES"," $"
336,2019,"IOWA","19",70,"59.2"," FRESH MARKET","SALES"," CWT"
337,2019,"KANSAS","20",1,"69.8","","SALES",""
338,2019,"KANSAS","20",NA,NA,"","PRODUCTION"," CWT"
339,2019,"KANSAS","20",NA,NA,"","SALES"," $"
340,2019,"KANSAS","20",NA,NA,"","SALES"," CWT"
341,2019,"KANSAS","20",1,"69.8"," FRESH MARKET","SALES",""
342,2019,"KANSAS","20",NA,NA," FRESH MARKET","SALES"," $"
343,2019,"KANSAS","20",NA,NA," FRESH MARKET","SALES"," CWT"
344,2019,"KENTUCKY","21",4,"43.9","","SALES",""
345,2019,"KENTUCKY","21",40,"94.1","","PRODUCTION"," CWT"
346,2019,"KENTUCKY","21",12387,"75.2","","SALES"," $"
347,2019,"KENTUCKY","21",40,"94.1","","SALES"," CWT"
348,2019,"KENTUCKY","21",4,"43.9"," FRESH MARKET","SALES",""
349,2019,"KENTUCKY","21",12387,"75.2"," FRESH MARKET","SALES"," $"
350,2019,"KENTUCKY","21",40,"94.1"," FRESH MARKET","SALES"," CWT"
351,2019,"LOUISIANA","22",1,"30.4","","SALES",""
352,2019,"LOUISIANA","22",NA,NA,"","PRODUCTION"," CWT"
353,2019,"LOUISIANA","22",NA,NA,"","SALES"," $"
354,2019,"LOUISIANA","22",NA,NA,"","SALES"," CWT"
355,2019,"LOUISIANA","22",1,"30.4"," FRESH MARKET","SALES",""
356,2019,"LOUISIANA","22",NA,NA," FRESH MARKET","SALES"," $"
357,2019,"LOUISIANA","22",NA,NA," FRESH MARKET","SALES"," CWT"
358,2019,"MAINE","23",19,"15.7","","SALES",""
359,2019,"MAINE","23",168,"33.3","","PRODUCTION"," CWT"
360,2019,"MAINE","23",62472,"35.4","","SALES"," $"
361,2019,"MAINE","23",168,"33.4","","SALES"," CWT"
362,2019,"MAINE","23",19,"15.7"," FRESH MARKET","SALES",""
363,2019,"MAINE","23",62472,"36.0"," FRESH MARKET","SALES"," $"
364,2019,"MAINE","23",168,"33.8"," FRESH MARKET","SALES"," CWT"
365,2019,"MARYLAND","24",13,"15.7","","SALES",""
366,2019,"MARYLAND","24",158,"33.3","","PRODUCTION"," CWT"
367,2019,"MARYLAND","24",50234,"35.4","","SALES"," $"
368,2019,"MARYLAND","24",158,"33.4","","SALES"," CWT"
369,2019,"MARYLAND","24",13,"15.7"," FRESH MARKET","SALES",""
370,2019,"MARYLAND","24",NA,NA," FRESH MARKET","SALES"," $"
371,2019,"MARYLAND","24",NA,NA," FRESH MARKET","SALES"," CWT"
372,2019,"MARYLAND","24",2,NA," PROCESSING","SALES",""
373,2019,"MARYLAND","24",NA,NA," PROCESSING","SALES"," $"
374,2019,"MARYLAND","24",NA,NA," PROCESSING","SALES"," CWT"
375,2019,"MASSACHUSETTS","25",14,"15.7","","SALES",""
376,2019,"MASSACHUSETTS","25",485,"33.3","","PRODUCTION"," CWT"
377,2019,"MASSACHUSETTS","25",144129,"35.4","","SALES"," $"
378,2019,"MASSACHUSETTS","25",485,"33.4","","SALES"," CWT"
379,2019,"MASSACHUSETTS","25",14,"15.7"," FRESH MARKET","SALES",""
380,2019,"MASSACHUSETTS","25",144129,"36.0"," FRESH MARKET","SALES"," $"
381,2019,"MASSACHUSETTS","25",485,"33.8"," FRESH MARKET","SALES"," CWT"
382,2019,"MICHIGAN","26",30,"24.6","","SALES",""
383,2019,"MICHIGAN","26",435,"56.2","","PRODUCTION"," CWT"
384,2019,"MICHIGAN","26",NA,NA,"","SALES"," $"
385,2019,"MICHIGAN","26",435,"56.2","","SALES"," CWT"
386,2019,"MICHIGAN","26",30,"24.6"," FRESH MARKET","SALES",""
387,2019,"MICHIGAN","26",NA,NA," FRESH MARKET","SALES"," $"
388,2019,"MICHIGAN","26",435,"56.2"," FRESH MARKET","SALES"," CWT"
389,2019,"MINNESOTA","27",13,"37.8","","SALES",""
390,2019,"MINNESOTA","27",73,"47.9","","PRODUCTION"," CWT"
391,2019,"MINNESOTA","27",29986,"55.0","","SALES"," $"
392,2019,"MINNESOTA","27",73,"47.9","","SALES"," CWT"
393,2019,"MINNESOTA","27",13,"37.8"," FRESH MARKET","SALES",""
394,2019,"MINNESOTA","27",29986,"55.0"," FRESH MARKET","SALES"," $"
395,2019,"MINNESOTA","27",73,"47.9"," FRESH MARKET","SALES"," CWT"
396,2019,"MISSOURI","29",1,"24.6","","SALES",""
397,2019,"MISSOURI","29",NA,NA,"","PRODUCTION"," CWT"
398,2019,"MISSOURI","29",NA,NA,"","SALES"," $"
399,2019,"MISSOURI","29",NA,NA,"","SALES"," CWT"
400,2019,"MISSOURI","29",1,"24.6"," FRESH MARKET","SALES",""
401,2019,"MISSOURI","29",NA,NA," FRESH MARKET","SALES"," $"
402,2019,"MISSOURI","29",NA,NA," FRESH MARKET","SALES"," CWT"
403,2019,"MONTANA","30",4,"47.2","","SALES",""
404,2019,"MONTANA","30",39,"52.1","","PRODUCTION"," CWT"
405,2019,"MONTANA","30",18302,"59.1","","SALES"," $"
406,2019,"MONTANA","30",39,"52.1","","SALES"," CWT"
407,2019,"MONTANA","30",4,"47.2"," FRESH MARKET","SALES",""
408,2019,"MONTANA","30",18302,"59.1"," FRESH MARKET","SALES"," $"
409,2019,"MONTANA","30",39,"52.1"," FRESH MARKET","SALES"," CWT"
410,2019,"NEBRASKA","31",2,"69.8","","SALES",""
411,2019,"NEBRASKA","31",NA,NA,"","PRODUCTION"," CWT"
412,2019,"NEBRASKA","31",NA,NA,"","SALES"," $"
413,2019,"NEBRASKA","31",NA,NA,"","SALES"," CWT"
414,2019,"NEBRASKA","31",2,"69.8"," FRESH MARKET","SALES",""
415,2019,"NEBRASKA","31",NA,NA," FRESH MARKET","SALES"," $"
416,2019,"NEBRASKA","31",NA,NA," FRESH MARKET","SALES"," CWT"
417,2019,"NEVADA","32",1,"47.2","","SALES",""
418,2019,"NEVADA","32",NA,NA,"","PRODUCTION"," CWT"
419,2019,"NEVADA","32",NA,NA,"","SALES"," $"
420,2019,"NEVADA","32",NA,NA,"","SALES"," CWT"
421,2019,"NEVADA","32",1,"47.2"," FRESH MARKET","SALES",""
422,2019,"NEVADA","32",NA,NA," FRESH MARKET","SALES"," $"
423,2019,"NEVADA","32",NA,NA," FRESH MARKET","SALES"," CWT"
424,2019,"NEW HAMPSHIRE","33",4,"15.7","","SALES",""
425,2019,"NEW HAMPSHIRE","33",NA,NA,"","PRODUCTION"," CWT"
426,2019,"NEW HAMPSHIRE","33",24000,"35.4","","SALES"," $"
427,2019,"NEW HAMPSHIRE","33",NA,NA,"","SALES"," CWT"
428,2019,"NEW HAMPSHIRE","33",4,"15.7"," FRESH MARKET","SALES",""
429,2019,"NEW HAMPSHIRE","33",24000,"36.0"," FRESH MARKET","SALES"," $"
430,2019,"NEW HAMPSHIRE","33",NA,NA," FRESH MARKET","SALES"," CWT"
431,2019,"NEW JERSEY","34",10,"15.7","","SALES",""
432,2019,"NEW JERSEY","34",208,"33.3","","PRODUCTION"," CWT"
433,2019,"NEW JERSEY","34",NA,NA,"","SALES"," $"
434,2019,"NEW JERSEY","34",208,"33.4","","SALES"," CWT"
435,2019,"NEW JERSEY","34",10,"15.7"," FRESH MARKET","SALES",""
436,2019,"NEW JERSEY","34",NA,NA," FRESH MARKET","SALES"," $"
437,2019,"NEW JERSEY","34",208,"33.8"," FRESH MARKET","SALES"," CWT"
438,2019,"NEW MEXICO","35",1,"47.2","","SALES",""
439,2019,"NEW MEXICO","35",NA,NA,"","PRODUCTION"," CWT"
440,2019,"NEW MEXICO","35",NA,NA,"","SALES"," $"
441,2019,"NEW MEXICO","35",NA,NA,"","SALES"," CWT"
442,2019,"NEW MEXICO","35",1,"47.2"," FRESH MARKET","SALES",""
443,2019,"NEW MEXICO","35",NA,NA," FRESH MARKET","SALES"," $"
444,2019,"NEW MEXICO","35",NA,NA," FRESH MARKET","SALES"," CWT"
445,2019,"NEW YORK","36",36,"27.3","","SALES",""
446,2019,"NEW YORK","36",2260,"32.6","","PRODUCTION"," CWT"
447,2019,"NEW YORK","36",644155,"42.2","","SALES"," $"
448,2019,"NEW YORK","36",2260,"32.6","","SALES"," CWT"
449,2019,"NEW YORK","36",34,"28.7"," FRESH MARKET","SALES",""
450,2019,"NEW YORK","36",NA,NA," FRESH MARKET","SALES"," $"
451,2019,"NEW YORK","36",NA,NA," FRESH MARKET","SALES"," CWT"
452,2019,"NEW YORK","36",2,"95.0"," PROCESSING","SALES",""
453,2019,"NEW YORK","36",NA,NA," PROCESSING","SALES"," $"
454,2019,"NEW YORK","36",NA,NA," PROCESSING","SALES"," CWT"
455,2019,"NORTH CAROLINA","37",7,"43.9","","SALES",""
456,2019,"NORTH CAROLINA","37",300,"94.1","","PRODUCTION"," CWT"
457,2019,"NORTH CAROLINA","37",87402,"75.2","","SALES"," $"
458,2019,"NORTH CAROLINA","37",300,"94.1","","SALES"," CWT"
459,2019,"NORTH CAROLINA","37",7,"43.9"," FRESH MARKET","SALES",""
460,2019,"NORTH CAROLINA","37",87402,"75.2"," FRESH MARKET","SALES"," $"
461,2019,"NORTH CAROLINA","37",300,"94.1"," FRESH MARKET","SALES"," CWT"
462,2019,"OHIO","39",17,"50.7","","SALES",""
463,2019,"OHIO","39",315,"56.9","","PRODUCTION"," CWT"
464,2019,"OHIO","39",68830,"85.0","","SALES"," $"
465,2019,"OHIO","39",315,"56.9","","SALES"," CWT"
466,2019,"OHIO","39",17,"50.7"," FRESH MARKET","SALES",""
467,2019,"OHIO","39",68830,"85.0"," FRESH MARKET","SALES"," $"
468,2019,"OHIO","39",315,"56.9"," FRESH MARKET","SALES"," CWT"
469,2019,"OKLAHOMA","40",4,"95.2","","SALES",""
470,2019,"OKLAHOMA","40",880,NA,"","PRODUCTION"," CWT"
471,2019,"OKLAHOMA","40",161288,NA,"","SALES"," $"
472,2019,"OKLAHOMA","40",880,NA,"","SALES"," CWT"
473,2019,"OKLAHOMA","40",4,"95.2"," FRESH MARKET","SALES",""
474,2019,"OKLAHOMA","40",161288,NA," FRESH MARKET","SALES"," $"
475,2019,"OKLAHOMA","40",880,NA," FRESH MARKET","SALES"," CWT"
476,2019,"OREGON","41",21,"42.5","","SALES",""
477,2019,"OREGON","41",5081,NA,"","PRODUCTION"," CWT"
478,2019,"OREGON","41",1728809,NA,"","SALES"," $"
479,2019,"OREGON","41",5081,NA,"","SALES"," CWT"
480,2019,"OREGON","41",19,"39.8"," FRESH MARKET","SALES",""
481,2019,"OREGON","41",505658,"59.6"," FRESH MARKET","SALES"," $"
482,2019,"OREGON","41",1004,"38.9"," FRESH MARKET","SALES"," CWT"
483,2019,"OREGON","41",3,NA," PROCESSING","SALES",""
484,2019,"OREGON","41",1223151,NA," PROCESSING","SALES"," $"
485,2019,"OREGON","41",4077,NA," PROCESSING","SALES"," CWT"
486,2019,"PENNSYLVANIA","42",16,"49.0","","SALES",""
487,2019,"PENNSYLVANIA","42",341,"38.4","","PRODUCTION"," CWT"
488,2019,"PENNSYLVANIA","42",89572,"35.1","","SALES"," $"
489,2019,"PENNSYLVANIA","42",341,"38.4","","SALES"," CWT"
490,2019,"PENNSYLVANIA","42",16,"49.0"," FRESH MARKET","SALES",""
491,2019,"PENNSYLVANIA","42",89572,"35.1"," FRESH MARKET","SALES"," $"
492,2019,"PENNSYLVANIA","42",341,"38.4"," FRESH MARKET","SALES"," CWT"
493,2019,"RHODE ISLAND","44",2,"15.7","","SALES",""
494,2019,"RHODE ISLAND","44",NA,NA,"","PRODUCTION"," CWT"
495,2019,"RHODE ISLAND","44",NA,NA,"","SALES"," $"
496,2019,"RHODE ISLAND","44",NA,NA,"","SALES"," CWT"
497,2019,"RHODE ISLAND","44",2,"15.7"," FRESH MARKET","SALES",""
498,2019,"RHODE ISLAND","44",NA,NA," FRESH MARKET","SALES"," $"
499,2019,"RHODE ISLAND","44",NA,NA," FRESH MARKET","SALES"," CWT"
500,2019,"SOUTH CAROLINA","45",8,"30.4","","SALES",""
501,2019,"SOUTH CAROLINA","45",332,"76.3","","PRODUCTION"," CWT"
502,2019,"SOUTH CAROLINA","45",85229,"83.4","","SALES"," $"
503,2019,"SOUTH CAROLINA","45",332,"76.3","","SALES"," CWT"
504,2019,"SOUTH CAROLINA","45",8,"30.4"," FRESH MARKET","SALES",""
505,2019,"SOUTH CAROLINA","45",85229,"83.4"," FRESH MARKET","SALES"," $"
506,2019,"SOUTH CAROLINA","45",332,"76.3"," FRESH MARKET","SALES"," CWT"
507,2019,"SOUTH DAKOTA","46",1,"69.8","","SALES",""
508,2019,"SOUTH DAKOTA","46",NA,NA,"","PRODUCTION"," CWT"
509,2019,"SOUTH DAKOTA","46",NA,NA,"","SALES"," $"
510,2019,"SOUTH DAKOTA","46",NA,NA,"","SALES"," CWT"
511,2019,"SOUTH DAKOTA","46",1,"69.8"," FRESH MARKET","SALES",""
512,2019,"SOUTH DAKOTA","46",NA,NA," FRESH MARKET","SALES"," $"
513,2019,"SOUTH DAKOTA","46",NA,NA," FRESH MARKET","SALES"," CWT"
514,2019,"TENNESSEE","47",7,"43.9","","SALES",""
515,2019,"TENNESSEE","47",219,"94.1","","PRODUCTION"," CWT"
516,2019,"TENNESSEE","47",35934,"75.2","","SALES"," $"
517,2019,"TENNESSEE","47",219,"94.1","","SALES"," CWT"
518,2019,"TENNESSEE","47",7,"43.9"," FRESH MARKET","SALES",""
519,2019,"TENNESSEE","47",35934,"75.2"," FRESH MARKET","SALES"," $"
520,2019,"TENNESSEE","47",219,"94.1"," FRESH MARKET","SALES"," CWT"
521,2019,"VERMONT","50",26,"23.2","","SALES",""
522,2019,"VERMONT","50",1051,"39.3","","PRODUCTION"," CWT"
523,2019,"VERMONT","50",486870,"34.0","","SALES"," $"
524,2019,"VERMONT","50",1051,"39.3","","SALES"," CWT"
525,2019,"VERMONT","50",26,"23.2"," FRESH MARKET","SALES",""
526,2019,"VERMONT","50",486870,"34.0"," FRESH MARKET","SALES"," $"
527,2019,"VERMONT","50",1051,"39.3"," FRESH MARKET","SALES"," CWT"
528,2019,"VIRGINIA","51",1,"43.9","","SALES",""
529,2019,"VIRGINIA","51",NA,NA,"","PRODUCTION"," CWT"
530,2019,"VIRGINIA","51",NA,NA,"","SALES"," $"
531,2019,"VIRGINIA","51",NA,NA,"","SALES"," CWT"
532,2019,"VIRGINIA","51",1,"43.9"," FRESH MARKET","SALES",""
533,2019,"VIRGINIA","51",NA,NA," FRESH MARKET","SALES"," $"
534,2019,"VIRGINIA","51",NA,NA," FRESH MARKET","SALES"," CWT"
535,2019,"WASHINGTON","53",57,"40.1","","SALES",""
536,2019,"WASHINGTON","53",2428,"78.4","","PRODUCTION"," CWT"
537,2019,"WASHINGTON","53",745009,"67.2","","SALES"," $"
538,2019,"WASHINGTON","53",2428,"78.4","","SALES"," CWT"
539,2019,"WASHINGTON","53",53,"40.5"," FRESH MARKET","SALES",""
540,2019,"WASHINGTON","53",NA,NA," FRESH MARKET","SALES"," $"
541,2019,"WASHINGTON","53",2404,"79.4"," FRESH MARKET","SALES"," CWT"
542,2019,"WASHINGTON","53",6,"89.2"," PROCESSING","SALES",""
543,2019,"WASHINGTON","53",NA,NA," PROCESSING","SALES"," $"
544,2019,"WASHINGTON","53",23,"80.9"," PROCESSING","SALES"," CWT"
545,2019,"WEST VIRGINIA","54",1,"43.9","","SALES",""
546,2019,"WEST VIRGINIA","54",NA,NA,"","PRODUCTION"," CWT"
547,2019,"WEST VIRGINIA","54",NA,NA,"","SALES"," $"
548,2019,"WEST VIRGINIA","54",NA,NA,"","SALES"," CWT"
549,2019,"WEST VIRGINIA","54",1,"43.9"," FRESH MARKET","SALES",""
550,2019,"WEST VIRGINIA","54",NA,NA," FRESH MARKET","SALES"," $"
551,2019,"WEST VIRGINIA","54",NA,NA," FRESH MARKET","SALES"," CWT"
552,2019,"WISCONSIN","55",22,"23.8","","SALES",""
553,2019,"WISCONSIN","55",135,"55.9","","PRODUCTION"," CWT"
554,2019,"WISCONSIN","55",50111,"42.1","","SALES"," $"
555,2019,"WISCONSIN","55",135,"55.9","","SALES"," CWT"
556,2019,"WISCONSIN","55",22,"23.8"," FRESH MARKET","SALES",""
557,2019,"WISCONSIN","55",50111,"42.1"," FRESH MARKET","SALES"," $"
558,2019,"WISCONSIN","55",135,"55.9"," FRESH MARKET","SALES"," CWT"
559,2016,"ARIZONA","04",1,"35.1","","SALES",""
560,2016,"ARIZONA","04",NA,NA,"","PRODUCTION"," CWT"
561,2016,"ARIZONA","04",NA,NA,"","SALES"," $"
562,2016,"ARIZONA","04",NA,NA,"","SALES"," CWT"
563,2016,"ARIZONA","04",1,"35.1"," FRESH MARKET","SALES",""
564,2016,"ARIZONA","04",NA,NA," FRESH MARKET","SALES"," $"
565,2016,"ARIZONA","04",NA,NA," FRESH MARKET","SALES"," CWT"
566,2016,"ARKANSAS","05",1,"13","","SALES",""
567,2016,"ARKANSAS","05",NA,NA,"","PRODUCTION"," CWT"
568,2016,"ARKANSAS","05",NA,NA,"","SALES"," $"
569,2016,"ARKANSAS","05",NA,NA,"","SALES"," CWT"
570,2016,"ARKANSAS","05",1,"38.5"," PROCESSING","SALES",""
571,2016,"ARKANSAS","05",NA,NA," PROCESSING","SALES"," $"
572,2016,"ARKANSAS","05",NA,NA," PROCESSING","SALES"," CWT"
573,2016,"CALIFORNIA","06",189,"4.7","","SALES",""
574,2016,"CALIFORNIA","06",1448881,"13.5","","PRODUCTION"," CWT"
575,2016,"CALIFORNIA","06",231304956,"13.7","","SALES"," $"
576,2016,"CALIFORNIA","06",1446458,"13.5","","SALES"," CWT"
577,2016,"CALIFORNIA","06",184,"4.9"," FRESH MARKET","SALES",""
578,2016,"CALIFORNIA","06",211553703,"13.5"," FRESH MARKET","SALES"," $"
579,2016,"CALIFORNIA","06",1221571,"12.9"," FRESH MARKET","SALES"," CWT"
580,2016,"CALIFORNIA","06",48,"4.4"," PROCESSING","SALES",""
581,2016,"CALIFORNIA","06",19751253,"19.7"," PROCESSING","SALES"," $"
582,2016,"CALIFORNIA","06",224886,"21"," PROCESSING","SALES"," CWT"
583,2016,"COLORADO","08",3,"22.8","","SALES",""
584,2016,"COLORADO","08",12,"35.7","","PRODUCTION"," CWT"
585,2016,"COLORADO","08",NA,NA,"","SALES"," $"
586,2016,"COLORADO","08",12,"35.7","","SALES"," CWT"
587,2016,"COLORADO","08",3,"22.8"," FRESH MARKET","SALES",""
588,2016,"COLORADO","08",NA,NA," FRESH MARKET","SALES"," $"
589,2016,"COLORADO","08",12,"35.7"," FRESH MARKET","SALES"," CWT"
590,2016,"CONNECTICUT","09",9,"8.7","","SALES",""
591,2016,"CONNECTICUT","09",206,"12.4","","PRODUCTION"," CWT"
592,2016,"CONNECTICUT","09",53141,"10.9","","SALES"," $"
593,2016,"CONNECTICUT","09",206,"12.4","","SALES"," CWT"
594,2016,"CONNECTICUT","09",9,"8.7"," FRESH MARKET","SALES",""
595,2016,"CONNECTICUT","09",53141,"10.9"," FRESH MARKET","SALES"," $"
596,2016,"CONNECTICUT","09",206,"12.3"," FRESH MARKET","SALES"," CWT"
597,2016,"FLORIDA","12",9,"13","","SALES",""
598,2016,"FLORIDA","12",14653,"23","","PRODUCTION"," CWT"
599,2016,"FLORIDA","12",2455805,"21.9","","SALES"," $"
600,2016,"FLORIDA","12",14532,"23.1","","SALES"," CWT"
601,2016,"FLORIDA","12",9,"14"," FRESH MARKET","SALES",""
602,2016,"FLORIDA","12",NA,NA," FRESH MARKET","SALES"," $"
603,2016,"FLORIDA","12",NA,NA," FRESH MARKET","SALES"," CWT"
604,2016,"FLORIDA","12",2,"38.5"," PROCESSING","SALES",""
605,2016,"FLORIDA","12",NA,NA," PROCESSING","SALES"," $"
606,2016,"FLORIDA","12",NA,NA," PROCESSING","SALES"," CWT"
607,2016,"GEORGIA","13",10,"13","","SALES",""
608,2016,"GEORGIA","13",279,"23","","PRODUCTION"," CWT"
609,2016,"GEORGIA","13",NA,NA,"","SALES"," $"
610,2016,"GEORGIA","13",279,"23.1","","SALES"," CWT"
611,2016,"GEORGIA","13",10,"14"," FRESH MARKET","SALES",""
612,2016,"GEORGIA","13",NA,NA," FRESH MARKET","SALES"," $"
613,2016,"GEORGIA","13",279,"23.1"," FRESH MARKET","SALES"," CWT"
614,2016,"IDAHO","16",5,"9.2","","SALES",""
615,2016,"IDAHO","16",267,"24.7","","PRODUCTION"," CWT"
616,2016,"IDAHO","16",43770,"25.4","","SALES"," $"
617,2016,"IDAHO","16",267,"24.7","","SALES"," CWT"
618,2016,"IDAHO","16",5,"9"," FRESH MARKET","SALES",""
619,2016,"IDAHO","16",43770,"18.1"," FRESH MARKET","SALES"," $"
620,2016,"IDAHO","16",267,"12.2"," FRESH MARKET","SALES"," CWT"
621,2016,"ILLINOIS","17",2,"28.7","","SALES",""
622,2016,"ILLINOIS","17",NA,NA,"","PRODUCTION"," CWT"
623,2016,"ILLINOIS","17",NA,NA,"","SALES"," $"
624,2016,"ILLINOIS","17",NA,NA,"","SALES"," CWT"
625,2016,"ILLINOIS","17",2,"28.7"," FRESH MARKET","SALES",""
626,2016,"ILLINOIS","17",NA,NA," FRESH MARKET","SALES"," $"
627,2016,"ILLINOIS","17",NA,NA," FRESH MARKET","SALES"," CWT"
628,2016,"INDIANA","18",2,"28.7","","SALES",""
629,2016,"INDIANA","18",NA,NA,"","PRODUCTION"," CWT"
630,2016,"INDIANA","18",NA,NA,"","SALES"," $"
631,2016,"INDIANA","18",NA,NA,"","SALES"," CWT"
632,2016,"INDIANA","18",2,"28.7"," FRESH MARKET","SALES",""
633,2016,"INDIANA","18",NA,NA," FRESH MARKET","SALES"," $"
634,2016,"INDIANA","18",NA,NA," FRESH MARKET","SALES"," CWT"
635,2016,"INDIANA","18",2,"34.4"," PROCESSING","SALES",""
636,2016,"INDIANA","18",NA,NA," PROCESSING","SALES"," $"
637,2016,"INDIANA","18",NA,NA," PROCESSING","SALES"," CWT"
638,2016,"IOWA","19",9,"18.1","","SALES",""
639,2016,"IOWA","19",161,"27.8","","PRODUCTION"," CWT"
640,2016,"IOWA","19",51490,"27.2","","SALES"," $"
641,2016,"IOWA","19",161,"27.8","","SALES"," CWT"
642,2016,"IOWA","19",9,"18.1"," FRESH MARKET","SALES",""
643,2016,"IOWA","19",51490,"27.2"," FRESH MARKET","SALES"," $"
644,2016,"IOWA","19",161,"27.8"," FRESH MARKET","SALES"," CWT"
645,2016,"KENTUCKY","21",6,"13.6","","SALES",""
646,2016,"KENTUCKY","21",60,"25","","PRODUCTION"," CWT"
647,2016,"KENTUCKY","21",NA,NA,"","SALES"," $"
648,2016,"KENTUCKY","21",60,"25","","SALES"," CWT"
649,2016,"KENTUCKY","21",6,"13.6"," FRESH MARKET","SALES",""
650,2016,"KENTUCKY","21",NA,NA," FRESH MARKET","SALES"," $"
651,2016,"KENTUCKY","21",NA,NA," FRESH MARKET","SALES"," CWT"
652,2016,"KENTUCKY","21",2,"44.3"," PROCESSING","SALES",""
653,2016,"KENTUCKY","21",NA,NA," PROCESSING","SALES"," $"
654,2016,"KENTUCKY","21",NA,NA," PROCESSING","SALES"," CWT"
655,2016,"LOUISIANA","22",2,"13","","SALES",""
656,2016,"LOUISIANA","22",NA,NA,"","PRODUCTION"," CWT"
657,2016,"LOUISIANA","22",NA,NA,"","SALES"," $"
658,2016,"LOUISIANA","22",NA,NA,"","SALES"," CWT"
659,2016,"LOUISIANA","22",2,"14"," FRESH MARKET","SALES",""
660,2016,"LOUISIANA","22",NA,NA," FRESH MARKET","SALES"," $"
661,2016,"LOUISIANA","22",NA,NA," FRESH MARKET","SALES"," CWT"
662,2016,"MAINE","23",28,"8.7","","SALES",""
663,2016,"MAINE","23",402,"12.4","","PRODUCTION"," CWT"
664,2016,"MAINE","23",132783,"10.9","","SALES"," $"
665,2016,"MAINE","23",402,"12.4","","SALES"," CWT"
666,2016,"MAINE","23",28,"8.7"," FRESH MARKET","SALES",""
667,2016,"MAINE","23",NA,NA," FRESH MARKET","SALES"," $"
668,2016,"MAINE","23",NA,NA," FRESH MARKET","SALES"," CWT"
669,2016,"MAINE","23",1,NA," PROCESSING","SALES",""
670,2016,"MAINE","23",NA,NA," PROCESSING","SALES"," $"
671,2016,"MAINE","23",NA,NA," PROCESSING","SALES"," CWT"
672,2016,"MARYLAND","24",10,"8.7","","SALES",""
673,2016,"MARYLAND","24",56,"12.4","","PRODUCTION"," CWT"
674,2016,"MARYLAND","24",23819,"10.9","","SALES"," $"
675,2016,"MARYLAND","24",56,"12.4","","SALES"," CWT"
676,2016,"MARYLAND","24",10,"8.7"," FRESH MARKET","SALES",""
677,2016,"MARYLAND","24",23819,"10.9"," FRESH MARKET","SALES"," $"
678,2016,"MARYLAND","24",56,"12.3"," FRESH MARKET","SALES"," CWT"
679,2016,"MASSACHUSETTS","25",14,"8.7","","SALES",""
680,2016,"MASSACHUSETTS","25",715,"12.4","","PRODUCTION"," CWT"
681,2016,"MASSACHUSETTS","25",204896,"10.9","","SALES"," $"
682,2016,"MASSACHUSETTS","25",715,"12.4","","SALES"," CWT"
683,2016,"MASSACHUSETTS","25",14,"8.7"," FRESH MARKET","SALES",""
684,2016,"MASSACHUSETTS","25",204896,"10.9"," FRESH MARKET","SALES"," $"
685,2016,"MASSACHUSETTS","25",715,"12.3"," FRESH MARKET","SALES"," CWT"
686,2016,"MICHIGAN","26",11,"28.7","","SALES",""
687,2016,"MICHIGAN","26",427,"30.5","","PRODUCTION"," CWT"
688,2016,"MICHIGAN","26",126898,"29","","SALES"," $"
689,2016,"MICHIGAN","26",427,"30.5","","SALES"," CWT"
690,2016,"MICHIGAN","26",11,"28.7"," FRESH MARKET","SALES",""
691,2016,"MICHIGAN","26",NA,NA," FRESH MARKET","SALES"," $"
692,2016,"MICHIGAN","26",NA,NA," FRESH MARKET","SALES"," CWT"
693,2016,"MICHIGAN","26",2,"34.4"," PROCESSING","SALES",""
694,2016,"MICHIGAN","26",NA,NA," PROCESSING","SALES"," $"
695,2016,"MICHIGAN","26",NA,NA," PROCESSING","SALES"," CWT"
696,2016,"MINNESOTA","27",11,"30.4","","SALES",""
697,2016,"MINNESOTA","27",254,"35.2","","PRODUCTION"," CWT"
698,2016,"MINNESOTA","27",66010,"33.7","","SALES"," $"
699,2016,"MINNESOTA","27",253,"35.2","","SALES"," CWT"
700,2016,"MINNESOTA","27",11,"30.4"," FRESH MARKET","SALES",""
701,2016,"MINNESOTA","27",66010,"33.7"," FRESH MARKET","SALES"," $"
702,2016,"MINNESOTA","27",253,"35.2"," FRESH MARKET","SALES"," CWT"
703,2016,"MISSOURI","29",2,"28.7","","SALES",""
704,2016,"MISSOURI","29",NA,NA,"","PRODUCTION"," CWT"
705,2016,"MISSOURI","29",NA,NA,"","SALES"," $"
706,2016,"MISSOURI","29",NA,NA,"","SALES"," CWT"
707,2016,"MISSOURI","29",2,"28.7"," FRESH MARKET","SALES",""
708,2016,"MISSOURI","29",NA,NA," FRESH MARKET","SALES"," $"
709,2016,"MISSOURI","29",NA,NA," FRESH MARKET","SALES"," CWT"
710,2016,"MONTANA","30",3,"22.8","","SALES",""
711,2016,"MONTANA","30",3,"35.7","","PRODUCTION"," CWT"
712,2016,"MONTANA","30",780,"38.4","","SALES"," $"
713,2016,"MONTANA","30",3,"35.7","","SALES"," CWT"
714,2016,"MONTANA","30",3,"22.8"," FRESH MARKET","SALES",""
715,2016,"MONTANA","30",780,"38.4"," FRESH MARKET","SALES"," $"
716,2016,"MONTANA","30",3,"35.7"," FRESH MARKET","SALES"," CWT"
717,2016,"NEW HAMPSHIRE","33",3,"8.7","","SALES",""
718,2016,"NEW HAMPSHIRE","33",15,"12.4","","PRODUCTION"," CWT"
719,2016,"NEW HAMPSHIRE","33",NA,NA,"","SALES"," $"
720,2016,"NEW HAMPSHIRE","33",15,"12.4","","SALES"," CWT"
721,2016,"NEW HAMPSHIRE","33",3,"8.7"," FRESH MARKET","SALES",""
722,2016,"NEW HAMPSHIRE","33",NA,NA," FRESH MARKET","SALES"," $"
723,2016,"NEW HAMPSHIRE","33",15,"12.3"," FRESH MARKET","SALES"," CWT"
724,2016,"NEW JERSEY","34",11,"8.7","","SALES",""
725,2016,"NEW JERSEY","34",111,"12.4","","PRODUCTION"," CWT"
726,2016,"NEW JERSEY","34",38966,"10.9","","SALES"," $"
727,2016,"NEW JERSEY","34",111,"12.4","","SALES"," CWT"
728,2016,"NEW JERSEY","34",11,"8.7"," FRESH MARKET","SALES",""
729,2016,"NEW JERSEY","34",38966,"10.9"," FRESH MARKET","SALES"," $"
730,2016,"NEW JERSEY","34",111,"12.3"," FRESH MARKET","SALES"," CWT"
731,2016,"NEW YORK","36",32,"11.9","","SALES",""
732,2016,"NEW YORK","36",1012,"19.6","","PRODUCTION"," CWT"
733,2016,"NEW YORK","36",459144,"22.7","","SALES"," $"
734,2016,"NEW YORK","36",1012,"19.6","","SALES"," CWT"
735,2016,"NEW YORK","36",32,"11.9"," FRESH MARKET","SALES",""
736,2016,"NEW YORK","36",NA,NA," FRESH MARKET","SALES"," $"
737,2016,"NEW YORK","36",NA,NA," FRESH MARKET","SALES"," CWT"
738,2016,"NEW YORK","36",1,NA," PROCESSING","SALES",""
739,2016,"NEW YORK","36",NA,NA," PROCESSING","SALES"," $"
740,2016,"NEW YORK","36",NA,NA," PROCESSING","SALES"," CWT"
741,2016,"NORTH CAROLINA","37",10,"13.6","","SALES",""
742,2016,"NORTH CAROLINA","37",1308,"25","","PRODUCTION"," CWT"
743,2016,"NORTH CAROLINA","37",358487,"23.1","","SALES"," $"
744,2016,"NORTH CAROLINA","37",1308,"25","","SALES"," CWT"
745,2016,"NORTH CAROLINA","37",10,"13.6"," FRESH MARKET","SALES",""
746,2016,"NORTH CAROLINA","37",358487,"23.2"," FRESH MARKET","SALES"," $"
747,2016,"NORTH CAROLINA","37",1308,"25.1"," FRESH MARKET","SALES"," CWT"
748,2016,"NORTH DAKOTA","38",2,"32.9","","SALES",""
749,2016,"NORTH DAKOTA","38",NA,NA,"","PRODUCTION"," CWT"
750,2016,"NORTH DAKOTA","38",NA,NA,"","SALES"," $"
751,2016,"NORTH DAKOTA","38",NA,NA,"","SALES"," CWT"
752,2016,"NORTH DAKOTA","38",2,"32.9"," FRESH MARKET","SALES",""
753,2016,"NORTH DAKOTA","38",NA,NA," FRESH MARKET","SALES"," $"
754,2016,"NORTH DAKOTA","38",NA,NA," FRESH MARKET","SALES"," CWT"
755,2016,"NORTH DAKOTA","38",2,"64.2"," PROCESSING","SALES",""
756,2016,"NORTH DAKOTA","38",NA,NA," PROCESSING","SALES"," $"
757,2016,"NORTH DAKOTA","38",NA,NA," PROCESSING","SALES"," CWT"
758,2016,"OHIO","39",17,"15.6","","SALES",""
759,2016,"OHIO","39",534,"23.2","","PRODUCTION"," CWT"
760,2016,"OHIO","39",121724,"24.5","","SALES"," $"
761,2016,"OHIO","39",534,"23.2","","SALES"," CWT"
762,2016,"OHIO","39",17,"15.6"," FRESH MARKET","SALES",""
763,2016,"OHIO","39",121724,"24.5"," FRESH MARKET","SALES"," $"
764,2016,"OHIO","39",534,"23.2"," FRESH MARKET","SALES"," CWT"
765,2016,"OKLAHOMA","40",2,"24.2","","SALES",""
766,2016,"OKLAHOMA","40",NA,NA,"","PRODUCTION"," CWT"
767,2016,"OKLAHOMA","40",NA,NA,"","SALES"," $"
768,2016,"OKLAHOMA","40",NA,NA,"","SALES"," CWT"
769,2016,"OKLAHOMA","40",2,"24.2"," FRESH MARKET","SALES",""
770,2016,"OKLAHOMA","40",NA,NA," FRESH MARKET","SALES"," $"
771,2016,"OKLAHOMA","40",NA,NA," FRESH MARKET","SALES"," CWT"
772,2016,"OREGON","41",25,"9.2","","SALES",""
773,2016,"OREGON","41",5832,"24.7","","PRODUCTION"," CWT"
774,2016,"OREGON","41",1752592,"25.4","","SALES"," $"
775,2016,"OREGON","41",5832,"24.7","","SALES"," CWT"
776,2016,"OREGON","41",23,"9"," FRESH MARKET","SALES",""
777,2016,"OREGON","41",NA,NA," FRESH MARKET","SALES"," $"
778,2016,"OREGON","41",1980,"12.2"," FRESH MARKET","SALES"," CWT"
779,2016,"OREGON","41",6,"33.5"," PROCESSING","SALES",""
780,2016,"OREGON","41",NA,NA," PROCESSING","SALES"," $"
781,2016,"OREGON","41",3852,"39.3"," PROCESSING","SALES"," CWT"
782,2016,"PENNSYLVANIA","42",13,"22.5","","SALES",""
783,2016,"PENNSYLVANIA","42",285,"21.9","","PRODUCTION"," CWT"
784,2016,"PENNSYLVANIA","42",87015,"22.6","","SALES"," $"
785,2016,"PENNSYLVANIA","42",285,"21.9","","SALES"," CWT"
786,2016,"PENNSYLVANIA","42",13,"22.5"," FRESH MARKET","SALES",""
787,2016,"PENNSYLVANIA","42",87015,"22.6"," FRESH MARKET","SALES"," $"
788,2016,"PENNSYLVANIA","42",285,"21.9"," FRESH MARKET","SALES"," CWT"
789,2016,"RHODE ISLAND","44",13,"8.7","","SALES",""
790,2016,"RHODE ISLAND","44",138,"12.4","","PRODUCTION"," CWT"
791,2016,"RHODE ISLAND","44",47750,"10.9","","SALES"," $"
792,2016,"RHODE ISLAND","44",138,"12.4","","SALES"," CWT"
793,2016,"RHODE ISLAND","44",13,"8.7"," FRESH MARKET","SALES",""
794,2016,"RHODE ISLAND","44",47750,"10.9"," FRESH MARKET","SALES"," $"
795,2016,"RHODE ISLAND","44",138,"12.3"," FRESH MARKET","SALES"," CWT"
796,2016,"SOUTH CAROLINA","45",6,"13","","SALES",""
797,2016,"SOUTH CAROLINA","45",159,"23","","PRODUCTION"," CWT"
798,2016,"SOUTH CAROLINA","45",NA,NA,"","SALES"," $"
799,2016,"SOUTH CAROLINA","45",159,"23.1","","SALES"," CWT"
800,2016,"SOUTH CAROLINA","45",6,"14"," FRESH MARKET","SALES",""
801,2016,"SOUTH CAROLINA","45",NA,NA," FRESH MARKET","SALES"," $"
802,2016,"SOUTH CAROLINA","45",159,"23.1"," FRESH MARKET","SALES"," CWT"
803,2016,"SOUTH DAKOTA","46",4,"32.9","","SALES",""
804,2016,"SOUTH DAKOTA","46",42,"32.4","","PRODUCTION"," CWT"
805,2016,"SOUTH DAKOTA","46",NA,NA,"","SALES"," $"
806,2016,"SOUTH DAKOTA","46",42,"32.4","","SALES"," CWT"
807,2016,"SOUTH DAKOTA","46",4,"32.9"," FRESH MARKET","SALES",""
808,2016,"SOUTH DAKOTA","46",NA,NA," FRESH MARKET","SALES"," $"
809,2016,"SOUTH DAKOTA","46",42,"32.9"," FRESH MARKET","SALES"," CWT"
810,2016,"TENNESSEE","47",7,"13.6","","SALES",""
811,2016,"TENNESSEE","47",374,"25","","PRODUCTION"," CWT"
812,2016,"TENNESSEE","47",108109,"23.1","","SALES"," $"
813,2016,"TENNESSEE","47",374,"25","","SALES"," CWT"
814,2016,"TENNESSEE","47",7,"13.6"," FRESH MARKET","SALES",""
815,2016,"TENNESSEE","47",NA,NA," FRESH MARKET","SALES"," $"
816,2016,"TENNESSEE","47",NA,NA," FRESH MARKET","SALES"," CWT"
817,2016,"TENNESSEE","47",1,"44.3"," PROCESSING","SALES",""
818,2016,"TENNESSEE","47",NA,NA," PROCESSING","SALES"," $"
819,2016,"TENNESSEE","47",NA,NA," PROCESSING","SALES"," CWT"
820,2016,"TEXAS","48",5,"24.2","","SALES",""
821,2016,"TEXAS","48",29,"27","","PRODUCTION"," CWT"
822,2016,"TEXAS","48",NA,NA,"","SALES"," $"
823,2016,"TEXAS","48",29,"27","","SALES"," CWT"
824,2016,"TEXAS","48",5,"24.2"," FRESH MARKET","SALES",""
825,2016,"TEXAS","48",NA,NA," FRESH MARKET","SALES"," $"
826,2016,"TEXAS","48",29,"27"," FRESH MARKET","SALES"," CWT"
827,2016,"UTAH","49",2,"22.8","","SALES",""
828,2016,"UTAH","49",NA,NA,"","PRODUCTION"," CWT"
829,2016,"UTAH","49",NA,NA,"","SALES"," $"
830,2016,"UTAH","49",NA,NA,"","SALES"," CWT"
831,2016,"UTAH","49",2,"22.8"," FRESH MARKET","SALES",""
832,2016,"UTAH","49",NA,NA," FRESH MARKET","SALES"," $"
833,2016,"UTAH","49",NA,NA," FRESH MARKET","SALES"," CWT"
834,2016,"VERMONT","50",36,"10.8","","SALES",""
835,2016,"VERMONT","50",2073,"21.7","","PRODUCTION"," CWT"
836,2016,"VERMONT","50",670886,"20.7","","SALES"," $"
837,2016,"VERMONT","50",2073,"21.7","","SALES"," CWT"
838,2016,"VERMONT","50",36,"10.8"," FRESH MARKET","SALES",""
839,2016,"VERMONT","50",670886,"20.7"," FRESH MARKET","SALES"," $"
840,2016,"VERMONT","50",2073,"21.7"," FRESH MARKET","SALES"," CWT"
841,2016,"VIRGINIA","51",5,"13.6","","SALES",""
842,2016,"VIRGINIA","51",49,"25","","PRODUCTION"," CWT"
843,2016,"VIRGINIA","51",26082,"23.1","","SALES"," $"
844,2016,"VIRGINIA","51",49,"25","","SALES"," CWT"
845,2016,"VIRGINIA","51",5,"13.6"," FRESH MARKET","SALES",""
846,2016,"VIRGINIA","51",26082,"23.2"," FRESH MARKET","SALES"," $"
847,2016,"VIRGINIA","51",49,"25.1"," FRESH MARKET","SALES"," CWT"
848,2016,"WASHINGTON","53",52,"5.3","","SALES",""
849,2016,"WASHINGTON","53",10718,"23.4","","PRODUCTION"," CWT"
850,2016,"WASHINGTON","53",2917197,"22.3","","SALES"," $"
851,2016,"WASHINGTON","53",10718,"23.4","","SALES"," CWT"
852,2016,"WASHINGTON","53",52,"5.3"," FRESH MARKET","SALES",""
853,2016,"WASHINGTON","53",NA,NA," FRESH MARKET","SALES"," $"
854,2016,"WASHINGTON","53",10383,"24.2"," FRESH MARKET","SALES"," CWT"
855,2016,"WASHINGTON","53",6,"21.2"," PROCESSING","SALES",""
856,2016,"WASHINGTON","53",NA,NA," PROCESSING","SALES"," $"
857,2016,"WASHINGTON","53",335,"49.5"," PROCESSING","SALES"," CWT"
858,2016,"WISCONSIN","55",39,"10.8","","SALES",""
859,2016,"WISCONSIN","55",442,"8.4","","PRODUCTION"," CWT"
860,2016,"WISCONSIN","55",141852,"11.7","","SALES"," $"
861,2016,"WISCONSIN","55",442,"8.5","","SALES"," CWT"
862,2016,"WISCONSIN","55",39,"10.8"," FRESH MARKET","SALES",""
863,2016,"WISCONSIN","55",141852,"11.7"," FRESH MARKET","SALES"," $"
864,2016,"WISCONSIN","55",442,"8.5"," FRESH MARKET","SALES"," CWT"
